id,name,model_id:id,group_id:id,perm_read,perm_write,perm_create,perm_unlink
access_storage_bucket_manager,Storage Bucket Manager Access,model_attachment_storage_bucket,attachment_optimizer.group_storage_optimization_manager,1,1,1,1
access_storage_rule_manager,Storage Rule Manager Access,model_attachment_storage_rule,attachment_optimizer.group_storage_optimization_manager,1,1,1,1
access_storage_policy_manager,Storage Policy Manager Access,model_attachment_storage_policy,attachment_optimizer.group_storage_optimization_manager,1,1,1,1
access_cleanup_batch_manager,Cleanup Batch Manager Access,model_attachment_cleanup_batch,attachment_optimizer.group_storage_optimization_manager,1,1,1,1
access_restore_batch_manager,Restore Batch Manager Access,model_attachment_restore_batch,attachment_optimizer.group_storage_optimization_manager,1,1,1,1
access_cleanup_confirm_manager,Cleanup Confirm Manager Access,model_attachment_cleanup_confirm,attachment_optimizer.group_storage_optimization_manager,1,1,1,1
access_restore_confirm_manager,Restore Confirm Manager Access,model_attachment_restore_confirm,attachment_optimizer.group_storage_optimization_manager,1,1,1,1
access_restore_drill_manager,Restore Drill Manager Access,model_attachment_restore_drill,attachment_optimizer.group_storage_optimization_manager,1,1,1,0
access_restore_drill_line_manager,Restore Drill Line Manager Access,model_attachment_restore_drill_line,attachment_optimizer.group_storage_optimization_manager,1,0,0,0
